user_id,social_type,channel_link,channel_name,channel_info,channel_readiness_collab,channel_verify,channel_ava,social_num_subs,social_num_photos,social_num_videos,social_num_files,social_num_links
06c4a41c18f74a9a9baf40230b80603a,tg,https://t.me/marketolognamax,–ú–∞—Ä–∫–µ—Ç–æ–ª–æ–≥ –Ω–∞ –º–∞–∫—Å–∏–º–∞–ª–∫–∞—Ö,"13 –ª–µ—Ç –≤ –º–∞—Ä–∫–µ—Ç–∏–Ω–≥–µ –∏ PR

—Ä–µ–∞–ª–∏–∑–æ–≤–∞–Ω–æ –±–æ–ª–µ–µ 100 –ø—Ä–æ–µ–∫—Ç–æ–≤

–ê–≤—Ç–æ—Ä: –°—É—Ö–∞—Ä–µ–≤–∞ –ê–ª–∏–Ω–∞ @alinasuhare

–ó–¥–µ—Å—å –≤—Å—ë –æ –º–∞—Ä–∫–µ—Ç–∏–Ω–≥–µ, –ø—Ä–æ–¥–≤–∏–∂–µ–Ω–∏–∏, –ª–∏—á–Ω–æ–º –±—Ä–µ–Ω–¥–µ –∏ —Ä–∞–∑–≤–∏—Ç–∏–∏!",0,0,https://cdn4.cdn-telegram.org/file/LdwEpxTmQreUjZ3bKtRf-7WovhA5D2oDHLCt3KFSY_7uF6WvU3idroE-hpd0skMkNLFUvORDosaKubphdVkWikMlWDI51zOGM4lFSSa0tfr8IpzFHsZ9vAMa59AqLuellEvCj8RtZoAGO4jKOG0hxeIEuCv0vCOPRjBAxXt9HRUAxp7SHC7SBlDE6jyd_u51wKRfoClNaY6_EJ2N29LweMKjqZ6g0ERQFctSiWGE-niR7Z2vzsq6mheUiO_gn3RmxqyCogPRKt5jHaB6xuwnMK6PagnY01BpEOA6BGsXOihA-OQ9rO6nPzPB7kn3slYmG3IAOt85JLzI6u1HLz3HsQ.jpg,175,67,14,6,5
838c1d28c62e4236822a878a2a1d6d85,tg,https://t.me/MenshikovaproPR,–ú–ï–ù–®–ò–ö–û–í–ê –ü–†–û –ü–ò–ê–†,"–≠–∫—Å–ø–µ—Ä—Ç–Ω—ã–π –±–ª–æ–≥ –∂—É—Ä–Ω–∞–ª–∏—Å—Ç–∞ –∏ –ø–∏–∞—Ä—â–∏–∫–∞,
–Ω–∞–±–ª—é–¥–∞—Ç–µ–ª—è —Å–æ —Å–≤–æ–∏–º –º–Ω–µ–Ω–∏–µ–º.
–ü–æ–ª–µ–∑–Ω–æ –¥–ª—è —Ç–µ—Ö, –∫—Ç–æ —Ä–∞–∑–≤–∏–≤–∞–µ—Ç –ª–∏—á–Ω—ã–π –±—Ä–µ–Ω–¥ –∏ –∫–æ–º—É –Ω—É–∂–Ω–∞ —Å—Ç—Ä–µ—Ç–µ–≥–∏—è –ø—Ä–æ–¥–≤–∏–∂–µ–Ω–∏—è

–°–≤—è–∑–∞—Ç—å—Å—è —Å –∞–≤—Ç–æ—Ä–æ–º @menshikova_pr",0,0,https://cdn4.cdn-telegram.org/file/ERgUqGdoTBWJ5ioR66-4cVBVV78cLDPEcHh71IUGsNWuhNIyMkz044w9E5YL9do8COo_-NXd0KZT99q9di432rnCUint7onf1xjdkOVtw5yzBF8GHPIsTEorzRJUIZOQkKAMqtnDjmwJ2uaHyHuPqyzwY0A_Zoi4_bRWA0-f2jLyARQlnZxiolQxZwk-w5LmI07Ixw2fjibetEiqPejZc7OGsTQH722qNyby7B5Egdc36T5YnDRwSyXvGmu66M3fUWLLlDgI8TQB_vA7R_wC00Tq7EU1qWLpArA1xBAg_6QW84c_w66pEv9B3INQkpzXEfxZPm-9DyeUgi9BhpVqvA.jpg,1.2K,945,511,39,540
dab030fb90c743c893a794a7b387596a,tg,https://t.me/zhd_10,–ê–ª–µ–∫—Å–µ–π –ñ–¥–∞–Ω–æ–≤ –ø—Ä–æ Performance –º–∞—Ä–∫–µ—Ç–∏–Ω–≥,"–ü—Ä–∏–≤–æ–∂—É –ø—Ä–æ–¥–∞–∂–∏ –Ω–∞ WB –∏ OZON —Å –ø–æ–º–æ—â—å—é –≤–Ω–µ—à–Ω–µ–≥–æ —Ç—Ä–∞—Ñ–∏–∫–∞.

Beauty/e-commerce/marketplaces/ed-tech

- –ë–ª–æ–≥–µ—Ä—ã
- –Ø–Ω–¥–µ–∫—Å –î–∏—Ä–µ–∫—Ç
- –í–ö —Ä–µ–∫–ª–∞–º–∞
- Telegram ads
- CRM —Å—Ç—Ä–∞—Ç–µ–≥–∏–∏
- –ê–≤—Ç–æ–≤–æ—Ä–æ–Ω–∫–∏
- AI –∞–≤—Ç–æ–º–∞—Ç–∏–∑–∞—Ü–∏—è

@zhdd_11",0,0,https://cdn4.cdn-telegram.org/file/maa2Dzu2kSUzRDas5bFwgJHsDFNLnAXTRKGoY5tAlnIK3dEJz_pcREqfWhbrd5Ms7LMcnP3z8u-1m-udWru5veSBooBWZQzB-0Rj2FfkWgaotumDFjy82lBfXhYquSj3hb5bB9g0H0ETFcib2HrnG8BGRCDThiR1MbZYsXlP9VKoWlCTeK7dKqvyQ8nCNC9BlvoeOMudtwh_Pgml8ZV0LS_6jdKpUCqjj9vX1hDdcgUfW-K4fAZ1xtPpR_zKCGE-8Feg536HkWSRqr9hN4SxwtwqsdJm-d_GrRMq-zB1cn9eFre7xA0GFqtKdnYFC3s9TmRn3QlBQ-MSd2K3-Hcutg.jpg,873,36,3,6,38
396c7a86b364402da62880c7819dc930,tg,https://t.me/chaikinpro,‚öúÔ∏è–¢—Ä–∞–±–ª—à—É—Ç–µ—Ä. –ê–ª–µ–∫—Å–µ–π –ß–∞–π–∫–∏–Ω. –ë–∏–∑–Ω–µ—Å –Ω–∞—Å—Ç–∞–≤–Ω–∏–∫. –ú–∞—Ä–∫–µ—Ç–æ–ª–æ–≥.,"–ö–æ–Ω—Å—É–ª—å—Ç–∞—Ü–∏–∏, —Å–æ–ø—Ä–æ–≤–æ–∂–¥–µ–Ω–∏–µ, –±–∏–∑–Ω–µ—Å –ù–∞—Å—Ç–∞–≤–Ω–∏—á–µ—Å—Ç–≤–æ, –≤—ã—Å—Ç—É–ø–ª–µ–Ω–∏—è, –ø—Ä–µ–¥–ª–æ–∂–µ–Ω–∏—è - –≤ –¥–∏—Ä–µ–∫—Ç @prochaikin

–í –∫–∞–Ω–∞–ª–µ –º—ã—Å–ª–∏, –∫–æ–Ω—Ü–µ–ø—Ü–∏–∏, –∏–¥–µ–∏ –∏ –∫–µ–π—Å—ã –≤ –æ–±–ª–∞—Å—Ç–∏ –º—ã—à–ª–µ–Ω–∏—è, –º–∞—Ä–∫–µ—Ç–∏–Ω–≥–∞ –∏ –±–∏–∑–Ω–µ—Å –ø—Ä–æ—Ü–µ—Å—Å–æ–≤, –∞–Ω–æ–Ω—Å—ã —Å–æ–±—ã—Ç–∏–π.

–†–∞–∑–±–∏—Ä–∞–µ–º –º–µ—Ç–æ–¥—ã —Ç—Ä–∞–±–ª—à—É—Ç–∏–Ω–≥–∞.

chaikinpro.ru",0,0,https://cdn4.cdn-telegram.org/file/e5394v5CwAFM0aL8gpu57AR2UDxVIHG4ti-dvbNGEJZW4bc8HF5YiakE7h-vLAfNFMZsXqQC_6c_I4UI0CRfSwWJI89V5JZQOL43K2jFNV1-AWAB53KL2ePUIYmfXIfGAvW02Ax4MIHSNtj-3HuqxaEdwZ_1BCq3P0xfP9GvNPwC4qb9FxbSfjOw6SHtF5Ty12Xk2vZGh3vaSPEer6Km8Nx_hkOX2lUdWSKxloOczTFVf82cu6fWYKDMdIoULq9fPNiDkVsyxjP5rkVF3Himif9ksOjAQo1sktxvYrR7cmkjk8YGD-bwrUckzmJSQGHl1v5W4fqU6Y0wOtdpXsxmAQ.jpg,615,243,65,131,
330bb2b0d1d742fea2e935b103d2e349,tg,https://t.me/lilianagrechka,–ì—Ä–µ—á–∫–∞ –ø—Ä–æ SMM,"–¢–∞ —Å–∞–º–∞—è –õ–∏–ª—è –ì—Ä–µ—á–∫–∞
–î–µ–ª–∞—é —Ç–∞–∫, —á—Ç–æ–±—ã —É –±–∏–∑–Ω–µ—Å–∞ –±—ã–ª–∏ –¥–µ–Ω—å–≥–∏ (—á–µ—Ä–µ–∑ —Å–æ—Ü–∏–∞–ª—å–Ω—ã–µ —Å–µ—Ç–∏ –∏ –ø–∏–∞—Ä-—Å—Ç—Ä–∞—Ç–µ–≥–∏—é)

SMM –≤ –ì–ö –¢–û–ß–ù–û
–†—É–∫–æ–≤–æ–∂—É —Å–≤–æ–∏–º –∫—Ä–µ–∞—Ç–∏–≤–Ω—ã–º –∞–≥–µ–Ω—Ç—Å—Ç–≤–æ–º

–ö–æ–Ω—Ç–∞–∫—Ç –¥–ª—è —Å–≤—è–∑–∏: @almondbranch",0,0,https://cdn4.cdn-telegram.org/file/WRAS0Q2-N78CQeJn3SRjkyL7zj_Fw6cCsQFrMjnLY95AxNkF4bEpgpAjxWM6YQQwFB0palnqnKlIHZwhXzGvrI1IoL9AAENrhI68eR1uV4xKjWkk9tJ8BUhRHhGCB7obg94N6g1w7-LtIyX4ctDtxLaltb9spidK8j2nx6Nv0i-G0ZL9R7RCpYEB2Vk3LSdUKG2T4q4zHcusNdQov5bNQi2dS-44bQRQiQepLtwDqBifV0tPOXyO4_LpboVACPe1KbjCBV4NQYnfBb_9dvWNMRBL5jNr3obWP3S7_R29QPS43gMGNXLszN-kaLhxt8WZ7ygdZ9pZt0K1JbF9PpbYwA.jpg,511,1.51K,252,2,157
8e3e7525596d45dda3afb3bde189bf3f,tg,https://t.me/pgmarketing,–ü–ì | –ø–æ–∏—Å–∫–æ–≤—ã–π –º–∞—Ä–∫–µ—Ç–∏–Ω–≥,"–ü–æ–∏—Å–∫–æ–≤—ã–π –º–∞—Ä–∫–µ—Ç–∏–Ω–≥ ¬´–ü–∞–Ω—å—à–∏–Ω –ì—Ä—É–ø–ø¬ª: SEO, SERM, PPC, –∫–æ–Ω—Ç–µ–Ω—Ç-–º–∞—Ä–∫–µ—Ç–∏–Ω–≥, –≥–µ–æ–º–∞—Ä–∫–µ—Ç–∏–Ω–≥
–†–∞–∑–±–æ—Ä –∫–µ–π—Å–æ–≤ –ø–æ –ø—Ä–æ–¥–≤–∏–∂–µ–Ω–∏—é –∫–ª–∏–Ω–∏–∫ –∏ –º–µ–¥—Ü–µ–Ω—Ç—Ä–æ–≤
–û—Å—Ç–∞–≤–∏—Ç—å –∑–∞—è–≤–∫—É https://clck.ru/3MwDCV",0,0,https://cdn4.cdn-telegram.org/file/BqaAXurZTapcaEmyl10LNJoxWCVByoLkm54n1ZgUmRhmHZsOB7gR6--npNo4vfcdD94SEdk1Z9uZn4SNFcBpalxRzxlH8MNEFjozphnEUi7NQfU_E6uW_EyBog2aUQynRq81a6kLqZqRkVpmgbZqzLDYlT4e3ixGuNFAclwhUMagkaRDmOm-JPuZoX8-80XPbv4zHKd554F2VqdjuY6MEGr926ctv0zUlavB3tVJTDo3zmLxxWi0bkQsNIDASbHeBCUuS7DGLQ1prWMzL89v0_twD3paU0J4Si73Q2AfC7XIV-spSatVVGLDtJjcA8AFJMoHUm2HCR7WlkA0KrrbEA.jpg,457,638,61,8,506
684faf3693334bbdac6505c116c8c0ca,tg,https://t.me/smmlion,–•—Ä–æ–Ω–∏–∫–∏ SMM-–ª—å–≤–∏—Ü—ã,"–ú–∞—Ä–∫–µ—Ç–∏–Ω–≥, –±—Ä–µ–Ω–¥–∏–Ω–≥, –ø—Ä–æ–¥–≤–∏–∂–µ–Ω–∏–µ

–†–∞–∑–±–æ—Ä—ã, —Å—Ç—Ä–∞—Ç–µ–≥–∏–∏, –∫–æ–Ω—Ç–µ–Ω—Ç. –ö–∞–∫ —Ä–∞—Å—Ç–∏ —á–µ—Ä–µ–∑ —Å–º—ã—Å–ª—ã, –∞ –Ω–µ —Ö–∞–π–ø

–í—ã—Å—Ç—É–ø–∞–ª–∞ –≤ –≠—Ä–º–∏—Ç–∞–∂–µ –∏ –¥–ª—è –°–±–µ—Ä–±–∞–Ω–∫–∞. –í—ã–ø—É—Å–∫–Ω–∏–∫ –ë—Ä–∏—Ç–∞–Ω–∫–∏ –∏ Novikov School. 11+ –ª–µ—Ç –æ–ø—ã—Ç–∞, 300 –∫–ª–∏–µ–Ω—Ç–æ–≤",0,0,https://cdn4.cdn-telegram.org/file/uRW5AWXj3OCHHLYe_NtGB2cjUNPcOBZrimrExnXiE5PR_ENlGXtJ9Xft1eOM0-M84fMfB44UN-54fY3qbtqwD9DRGvmyX8OonFLbjMWFgkBJYBFImBTLXbMQGGsaohz6bwa74mmIY1Y7ZkFBfj78rP8FWPYsrFYgC6IAIOs67siscHw6jsG8bjHuZneGjkynnmb-UhHfVGiobDOsIy9Jv1UAUjtQR4bPzfNz8iKwYg6z24KWcgpi92M2qKNXgyPAogdZ43f5YRp9B4RA4M4-t7e3W_Lsk7qnOCX9q3dvKIgGXXT_FrQVEGPLRCdnwgKEbZ9ByjCatCaYJgSKr4NiOw.jpg,432,1.27K,299,199,130
dee744afe12c4868a3ba933a2a2a53f1,tg,https://t.me/zharikovsales,–ñ–∞—Ä–∏–∫–æ–≤ –æ –ø—Ä–æ–¥–∞–∂–∞—Ö ü§ù,"–°–µ—Ä–≥–µ–π –ñ–∞—Ä–∏–∫–æ–≤
–†–∞—Å—Å–∫–∞–∑—ã–≤–∞—é –ø–æ–Ω—è—Ç–Ω—ã–º —è–∑—ã–∫–æ–º –æ –º–∞—Ä–∫–µ—Ç–∏–Ω–≥–µ –∏ –ø—Ä–æ–¥–∞–∂–∞—Ö –ø–æ –º–æ—Ç–∏–≤–∞–º 20+ –ª–µ—Ç –æ–ø—ã—Ç–∞ –≤ —Ä–∞–∑–≤–∏—Ç–∏–∏ –ø—Ä–æ–µ–∫—Ç–æ–≤ –¥–ª—è —Ä–∞–∑–Ω—ã—Ö –æ—Ç—Ä–∞—Å–ª–µ–π –±–∏–∑–Ω–µ—Å–∞.

–ë–∏–∑–Ω–µ—Å-—Ç—Ä–µ–∫–µ—Ä –§–æ–Ω–¥–∞ —Ä–∞–∑–≤–∏—Ç–∏—è –∏–Ω–Ω–æ–≤–∞—Ü–∏–π –ö—Ä–∞—Å–Ω–æ–¥–∞—Ä—Å–∫–æ–≥–æ –∫—Ä–∞—è

–°–≤—è–∑–∞—Ç—å—Å—è: @zharikovss
+7 (952) 830-66-70",0,0,https://cdn4.cdn-telegram.org/file/fsU_IJyGfcODYg2NOZRi96N1yPdo4460KHznDxrAx7tz2Y49GIx0fYl0dnK0S_BTlIrTIhjUThZsGKsBM8ItXb01B4ALUrBnpGobrQ-9A1qSqpv8GhLgOFNu5Hb7-a6K4B2wo7Do78LXKWnSHtHXqEV4Cq7hKRwdWQYVWIc5Ga7iCzrJceFCb3ir2mim1AdAjdshgvuqBAWUWnoiZt56qHnbyDoltPkM8gTeuxySX1MYU3XwNGhfIXW2TjGxs-cpWWpcAYsRIjk0EGx_nDwgvVp_H_JvarsLxVEMhHrOe4W-SvpuvNfLKbrqGuT41yVDrKQLYHrOyWWsUbcXTPh95g.jpg,425,253,45,13,112
95c7c12829934c26944ccc4e226337f2,tg,https://t.me/shillersdesign,–°—Ç—É–¥–∏—è ¬´–®–∏–ª–ª–µ—Ä¬ª,"–Ø –ê–ª–µ–∫—Å–∞–Ω–¥—Ä –®–∏–ª–ª–µ—Ä

–≠—Ç–æ—Ç –∫–∞–Ω–∞–ª –æ —Ç–æ–º –∫–∞–∫ —Å–æ–∑–¥–∞—Ç—å –±—Ä–µ–Ω–¥, –∫–æ—Ç–æ—Ä—ã–π –±—É–¥—É—Ç –≤—ã–±–∏—Ä–∞—Ç—å —Å—Ä–µ–¥–∏ –∫–æ–Ω–∫—É—Ä–µ–Ω—Ç–æ–≤.

–û —Å–æ–∑–¥–∞–Ω–∏–∏ —Å–º—ã—Å–ª–æ–≤, –ø—Ä–æ–¥—É–∫—Ç–µ, –º–∞—Ä–∫–µ—Ç–∏–Ω–≥–µ. –û —Ç–æ–º –∫–∞–∫ –¥–µ–ª–∞—Ç—å —Å–≤–æ–π –ø—Ä–æ–¥—É–∫—Ç –ø–æ–Ω—è—Ç–Ω—ã–º.

–ê–ª–µ–∫—Å–∞–Ω–¥—Ä: @shiller_lex",0,0,https://cdn4.cdn-telegram.org/file/H3t_QEHVsUnaHniuWYnvOsdvKeJ4B6RyyHotpbtoXUWm_VQ-jDV7zwlK3ImRc1x-C3lVdKGPlr8bP1bqWwzm2uDQslOP5hAHM9SLth3IMa4xVY5L44qCf35rVCSBWK_0Rpnbw16XxCdqTfXX_abt3O3FsDHgh_akVnfEyMNeOtvNJl2K10xljcTi7C_zUZHRmVvEa_zfwvPZTFVPKB-iE-7xOIa4T-lXx-L4vOicC8J7N36SNPTrO4RZC_PhkLKe0m3feTTR1fid9EWi74pEp3o0CJP1glXFGkC6i_Teq8NZZVcVXlPhWJQ4Qus4f_12vSrUgtOt4AdF2Uk78DIopA.jpg,391,71,62,5,31
f1bb73e7289b43178af96035959c04d7,tg,https://t.me/businessmother,–ü—Ä–µ–¥–ø—Ä–∏–Ω–∏–ú–∞—Ç—å,"–ü—Ä–æ—Å—Ç—ã–º –∏ –ø–æ–Ω—è—Ç–Ω—ã–º —è–∑—ã–∫–æ–º –ø—Ä–æ –Ω–µ–π—Ä–æ—Å–µ—Ç–∏ –∏ AI-–ø—Ä–æ–¥—É–∫—Ç—ã.

–ó–∞–∫—Ä—ã—Ç—ã–π –∫–∞–Ω–∞–ª —Å —É—Ä–æ–∫–∞–º–∏ –ø–æ –ò–ò –≤ –º–∞—Ä–∫–µ—Ç–∏–Ω–≥–µ, SMM, –∫—Ä–µ–∞—Ç–∏–≤–µ: @ai_shorina_bot

–í—Å–µ –≤–æ–ø—Ä–æ—Å—ã —Å—é–¥–∞ ‚û°Ô∏è @shorina_yu",0,0,https://cdn4.cdn-telegram.org/file/IihwFiq44IztBKahnBF6MKs5oaUz3YVOJ3IIZLVosV-LJ_1aNkk9Oz85fZdfUl7GeS0rMZDaadyag4Rb_dONFyr0JwsfgM6WyYFzHiVPZPmAgAYs0g4gYQtN-bvM9c4arGEvKPHdokhSKe4WSOPDXXXgHop7e814GncVWGDhvo0v6z-it7XLyT6R445SXDiCj-XSK0OjYkt_mvyFJR8pvF9aOM4TOs_U3X_shkg-GIKjv7pyIWRhejvLUCZiIViIi3rvUKjnydWoJEQiQIeJ08HEr_IPENj1gDjDzTSRyeWe8fjq8hGrIQ7he9mCaK9O26cMMH_LWmi9cLUX2bfeIA.jpg,309,263,44,3,98
409c3ace6fb14049a48d25b603ab13c7,tg,https://t.me/My_full_contact,–ê–Ω—Ç–∏—Å—Ç—Ä–µ—Å—Å –¥–ª—è –ø—Ä–µ–¥–ø—Ä–∏–Ω–∏–º–∞—Ç–µ–ª–µ–π ü©∂ –ò—Ä–∏–Ω–∞ –ú–∞—Ç—É—Ö–Ω–æ–≤–∞,"–î–∞–Ω–Ω—ã–π –∫–∞–Ω–∞–ª –±–∞—Ç–∞—Ä–µ–π–∫–∞ –¥–ª—è –∂–∏–∑–Ω–∏, –∫–æ—Ç–æ—Ä–∞—è –Ω—É–∂–Ω–∞ –ª—é–±–æ–º—É –ø—Ä–µ–¥–ø—Ä–∏–Ω–∏–º–∞—Ç–µ–ª—é. –ó–¥–µ—Å—å –≤—ã –Ω–∞–π–¥–µ—Ç–µ –æ—Ç–≤–µ—Ç—ã –Ω–∞ –≤–∞–∂–Ω—ã–µ –≤–æ–ø—Ä–æ—Å—ã, –ø–æ–ª—É—á–∏—Ç–µ –∑–∞—Ä—è–¥ —Ä–∞–¥–æ—Å—Ç–∏ –∏ –≤–¥–æ—Ö–Ω–æ–≤–µ–Ω–∏—è.",0,0,https://cdn4.cdn-telegram.org/file/a9rZz3LPiDCTc9XlPQS5aIdtAz-BzX7vRpBW6K2qwp1VO90fKwpaTD1SC23Wc8zJT_tRTWz8xztyc4qN9axNMEhRYIk1DZjMFE_bSJ4DySu0fd0kmxq52twoH4Km-6F04BuHuzlNE-uUQRpP-VrDx6VeFqch__gpvzPrt51XeoURINab3Uks5Z9e3rDmV90XHLppoEERp8VELYB1GxXSdggQP6HEoLh-G3_DcSKFK3N1Y-dWMG9muT8ZXyGymG6uIKZB9stxbG8A9XJEj13RoB3WLBiup3eblwEKzNhKvd4EGfqcKai2JoDmZIpQzzouVHP8WyaTCeOhxU4rWGluMQ.jpg,299,174,83,2,64
ce6c24c2ef9746dabfd6ba8c63c156a2,tg,https://t.me/that_was_the_plan,–¢–∞–∫ –∏ –±—ã–ª–æ –∑–∞–¥—É–º–∞–Ω–æ,"–ú–µ–Ω–µ–¥–∂–µ—Ä, –∫–æ—Ç–æ—Ä—ã–π —Ä–∞—Å–ø—Ä—è–º–ª—è–µ—Ç –ø—Ä–æ—Ü–µ—Å—Å—ã, —Å–ø–æ—Ä–∏—Ç —Å —Å–∞–º–æ–∑–≤–∞–Ω—Ü–µ–º –∏ –∑–∞–¥–æ—Ä–Ω–æ –ø–µ—Ä—Ñ–æ—Ä–º–∏—Ç. –ó–¥–µ—Å—å ‚Äî –º–æ–∏ —Ö–∞–æ—Ç–∏—á–Ω—ã–µ –º–µ—Ç–æ–¥—ã –≤—ã–∂–∏–≤–∞–Ω–∏—è: –∫–∞–∫ –Ω–µ —É—Ç–æ–Ω—É—Ç—å –≤ –∑–∞–¥–∞—á–∞—Ö, —Å–æ—Ö—Ä–∞–Ω–∏—Ç—å –±–∞–ª–∞–Ω—Å –º–µ–∂–¥—É —Å—Ç—Ä–∞—Ç–µ–≥–∏–µ–π –∏ —Ä—É—Ç–∏–Ω–æ–π –∏ –Ω–µ –ø–æ—Ç–µ—Ä—è—Ç—å –∫–æ–º–∞–Ω–¥—É, —Ñ–æ–∫—É—Å –∏ —Å–µ–±—è

@rawtu, –ø–∏—à—É –æ —Ç–æ–º, –æ —Å–µ–º",0,0,https://cdn4.cdn-telegram.org/file/gAvfRQ65JHNSG3H9YEt9wS7I0V5CFZTXIF1UIO_zqp4oMo7qhzDJ38K2tddSZtvgaD6E2B6FeDeuSlFtFwbBLz-anicC_H135OuSSPRAxrrqZQSABeGEyYsKmyNw84nCmRY6ZkRZr5raLWSrHMSvZPdot4TtTha-tLNfYyvczoSQn9hxc34MBuZPnpkVgxwiudF-8Wl0-VRfrLA2wmipb_5T_s29ggJPHnDfYYGZW_HuUksrUVddJVnZtQhzfTXhOUa_DaAcvP2kvP_HcW28zXSOQiOhYSNwPJukyPk_FaRUyoFKgvTOtBJ-Sa2n3zQ9uBoCXfEEWJvPVRa_V5dNVQ.jpg,123,27,1,1,18
af7b45ebb6a4430896e105f8f6a87381,tg,https://t.me/ognevapr,–û–ø—è—Ç—å –û–≥–Ω–µ–≤–∞?,"–ó–∞–º–µ—Ç–∫–∏ —Ä–µ–≥–∏–æ–Ω–∞–ª—å–Ω–æ–≥–æ –ø–∏–∞—Ä—â–∏–∫–∞, –∏–Ω—Å–∞–π—Ç—ã/–¥—ã, –ø—Ä–∞–∫—Ç–∏—á–µ—Å–∫–∏–π –æ–ø—ã—Ç –∏ –Ω–µ–º–Ω–æ–≥–æ –ª–∏—á–Ω–æ–≥–æ –æ—Ç –∫—Ä–∞—Å–Ω–æ–¥–∞—Ä—Å–∫–æ–≥–æ –ø–∏–∞—Ä-–¥–∏—Ä–µ–∫—Ç–æ—Ä–∞.

–ü—Ä–µ–¥–ª–æ–∂–∏—Ç—å —á—Ç–æ-—Ç–æ –∏–ª–∏ –ø–æ–∑–≤–∞—Ç—å –Ω–∞ –ø—Ä–æ–µ–∫—Ç —Å—é–¥–∞: https://ogncy.ru/",0,0,https://cdn4.cdn-telegram.org/file/g_pbWnqV38niciqFZOH3dbtaEWKWTqeGJh-5mGsuMAhcaOVGkEXBlkmCNO-nX-ZkJDU4CufuaUEmITHBERK72WYx1YnZDu_JRP7rjV5Z3ny8xrY8qugsz-gPPyFpuKubsSdnRHm0Xl-OgIreQIfpdBT2QtxHy3GEh-Djmv7JRm-hemLQ8ZlHJJ2cYXzKtO4DBbKsqXbcEOHgKdXBSw-33lt0AbRCLsg2mWUWbdpPOplUWUYXslKspvVjmhET4jOK4Eeh2rqXBaoP5y1I8GIF66JJfjBOaCYYvVatWyuL7g3rJtiU6DhZG31Q0qUZgZ2eve28IJLKyuD2Hc5E8ustug.jpg,107,37,8,35,
9566f8401c43403982e610a89379dcf2,tg,https://t.me/vividvisualkrd,–†–∏–ª—Å–º–µ–π–∫–µ—Ä | SMM - –ö—Ä–∞—Å–Ω–æ–¥–∞—Ä/–ö—Ä—ã–º,"–ú–µ–Ω—è –∑–æ–≤—É—Ç –í–∏–∫—Ç–æ—Ä–∏—è, —É–∂–µ –±–æ–ª–µ–µ 3 –ª–µ—Ç —è —Ä–∞–±–æ—Ç–∞—é –≤ —Å—Ñ–µ—Ä–µ —Å–æ—Ü.—Å–µ—Ç–µ–π –∏ —Å–æ–∑–¥–∞–Ω–∏—è –∫–æ–Ω—Ç–µ–Ω—Ç–∞ üë©üèº‚Äçüíª
–ù–∞ —ç—Ç–æ–º –∫–∞–Ω–∞–ª–µ –≤—ã –º–æ–∂–µ—Ç–µ —É–≤–∏–¥–µ—Ç—å –º–æ—é —Ä–∞–±–æ—Ç—É –∏–∑–Ω—É—Ç—Ä–∏, –∫–µ–π—Å—ã, –∑–∞–ø–∏—Å–∞—Ç—å—Å—è –Ω–∞ —Å—ä–µ–º–∫—É –∏–ª–∏ –Ω–∞ –∫–æ–º–ø–ª–µ–∫—Å–Ω–æ–µ –≤–µ–¥–µ–Ω–∏–µ —Å–æ—Ü.—Å–µ—Ç–µ–π ü´∂üèΩ",0,0,https://cdn4.cdn-telegram.org/file/U2nzQ-H3GFJtYLKkt8zZWSzKWehdMc7ULMRRSpR4Ts-8KAmHAd2-9fZThxAR8DAHvroKRXSOIQKA-Yb2czp6AI4fhVhVHvCZkzO9MQfUt8dkSVybf4DYRgTrbqCxtpWSYwcKP3k-a0pknCNspHniysbRwYU3S0BOCJM5gGlJwJoqSScqsaMs3jSniOyBRt35USKDXcn8nd-XmZammLItnnrYP6Vz96RjXbno4egfeA5UzeledjlJxDv3ceHMSB_TyRxNEui7_mJo9ACpMbVzIz5ruXqybgiqHPHTCFOOcNQ9_KgsSPUW2LfuAwZtK4Bf-aNleLyCNm8aAo1169y-lg.jpg,27,109,90,1,
7748c1de64b54a4cb5bba99b66177ab7,tg,https://t.me/for_Founder,–î–õ–Ø –û–°–ù–û–í–ê–¢–ï–õ–ï–ô,"–ö–∞–Ω–∞–ª –¥–ª—è –ø—Ä–µ–¥–ø—Ä–∏–Ω–∏–º–∞—Ç–µ–ª–µ–π –∏ —ç–∫—Å–ø–µ—Ä—Ç–æ–≤. –ü—Ä–æ —Ä–∞–∑–≤–∏—Ç–∏–µ —Å—Ç—Ä–∞—Ç–µ–≥–∏—á–µ—Å–∫–æ–≥–æ –∏ —Ç–∞–∫—Ç–∏—á–µ—Å–∫–æ–≥–æ –º—ã—à–ª–µ–Ω–∏—è, –ø—Ä–æ —Ü–µ–ª–µ–ø–æ–ª–∞–≥–∞–Ω–∏–µ. –ü—Ä–æ –º—ã—à–ª–µ–Ω–∏–µ –±–µ–∑ –æ–≥—Ä–∞–Ω–∏—á–µ–Ω–∏–π. –ü—Ä–æ —Ä–∞–∑–≤–∏—Ç–∏–µ: –ª–∏–¥–µ—Ä—Å—Ç–≤–∞, EQ, —É–ø—Ä–∞–≤–ª–µ–Ω—á–µ—Å–∫–∏—Ö –∫–æ–º–ø–µ—Ç–µ–Ω—Ü–∏–∏. –ü—Ä–æ —ç—Ñ—Ñ–µ–∫—Ç–∏–≤–Ω—É—é –∫–æ–º–∞–Ω–¥—É.",0,0,https://cdn4.cdn-telegram.org/file/RuUhLIrl5GHnLnvtvNU2DkQAiOQYlT4reNUmpyVVdtljbH4CJ0A0zzSvZC1JqjVdYz9HrNL_ixdoqQAT4AzvEH-nYvSzway_C4VYsitCJzeB1TlHoLbPSM9VIulVMacPpa6u3r77TE9bGMkVkmN-fNMl0G794n5BNWs3w5NfC6nlJvZSzcBaZynTkGCA-KlNFvN8KMKkbLGj4iBFmsjxJA6_RLp4FrB06xNRA4hzwYz7a1wclD7Tjqk6fcXhjW72siUICnWIe8LhyuPEdTZ8tIDLaj15-WIVbwvln5hbx-TML7w6ErR9iLDyApZRM6w1hVck0zCCS62qJB3NeWUbyQ.jpg,25,6,1,1,
916b7bf2d6f94a139fba97bdc9eb01a3,tg,https://t.me/yugmarketing,–Æ–∂–Ω—ã–π –∫–ª—É–± –º–∞—Ä–∫–µ—Ç–∏–Ω–≥–∞,"–ó–∞–∫—Ä—ã–≤–∞–µ–º –≤—Å–µ –≤–æ–ø—Ä–æ—Å—ã –ø–æ –º–∞—Ä–∫–µ—Ç–∏–Ω–≥—É.

–ü–æ–º–æ–≥–∞–µ–º –±–∏–∑–Ω–µ—Å—É —Ä–∞—Å—Ç–∏, –¥–µ–ª—è—Å—å –ª—É—á—à–∏–º–∏ –ø—Ä–∞–∫—Ç–∏–∫–∞–º–∏ –≤ –º–∞—Ä–∫–µ—Ç–∏–Ω–≥–µ.

–†–µ–≥—É–ª—è—Ä–Ω—ã–µ –±–∏–∑–Ω–µ—Å-–º–µ—Ä–æ–ø—Ä–∏—è—Ç–∏—è @yugmarketing

–ü–∞—Ä—Ç–Ω–µ—Ä—Å—Ç–≤–æ, —Å–æ—Ç—Ä—É–¥–Ω–∏—á–µ—Å—Ç–≤–æ: @jpalumae

–í–∑–∞–∏–º–Ω—ã–π PR, —ç–∫—Å–ø–µ—Ä—Ç–Ω–æ–µ —Ä–∞–∑–º–µ—â–µ–Ω–∏–µ: @almaz_olga",0,0,https://cdn4.cdn-telegram.org/file/AlnCBh-Ogm8BTsg01K4T9EQV_d9EH2mDH5XKxZNW_1PHC2dwiVZN5CBeCEXjbKcKjED8JPz79ILKs4bWL_fx9ke7beiRMbu5BJHJgFhy94eWtXEY7lNZza0KjT910AzvPTik3gHk_Alw3xeafIuSfE5QARIMVeUS2mvZ9rjw2zcQKqxhuvM8FQ74a8ZCqlLsMEJonIpfn3BsH7A_0EwjpLscuLOzyPt1I2y0wWWrLyvVxg6u8tMPMkmmPc-B-Vt1zqnbgQ211J449QR_U9EXkI8Yri3uIUOQ4t1qMYE3M-0Tr2G3ITRLsYcBeaWw4NyV3GfXfC6PfOy_TMuAUFvkrQ.jpg,2.69K,577,108,4,401
51af49bcf16748b69c72f9b7d6b49f3c,tg,https://t.me/camilla_business,–ö–∞–º–∏–ª–ª–∞ –ø—Ä–æ –±–∏–∑–Ω–µ—Å –∏ –º–∞—Ä–∫–µ—Ç–∏–Ω–≥,"–ü—Ä–µ–¥–ø—Ä–∏–Ω–∏–º–∞—Ç–µ–ª—å –∏ –º–∞—Ä–∫–µ—Ç–æ–ª–æ–≥, 10 –ª–µ—Ç –æ–ø—ã—Ç–∞. –†–∞—Å—Å–∫–∞–∑—ã–≤–∞—é, –∫–∞–∫ –±—ã—Ç—å –±–æ–≥–∞—Ç—ã–º –Ω–µ –±—ã—Å—Ç—Ä–æ, –∞ –Ω–∞–≤—Å–µ–≥–¥–∞, –≤—ã—Å—Ç—Ä–æ–∏—Ç—å —Å–∏—Å—Ç–µ–º–Ω—ã–π –±–∏–∑–Ω–µ—Å –∏ –º–∞—Ä–∫–µ—Ç–∏–Ω–≥ –∏ –ø—Ä–∏–≤–ª–µ–∫–∞—Ç—å –∫–ª–∏–µ–Ω—Ç–æ–≤ –∏–∑ –¢–µ–ª–µ–≥—Ä–∞–º–∞.

–ù–∞–ø–∏—Å–∞—Ç—å –Ω–∞–º: @camilla_team

–ö—É—Ä—Å –ø–æ –¢–µ–ª–µ–≥—Ä–∞–º—É: https://clck.ru/3AYQCH",0,0,https://cdn4.cdn-telegram.org/file/K6PjlKd0i7bffZx3rqajlfvlV_m_fCHZfCWOW07m5cOWvOzcr2zhsNpFq-nujq6jO1uPXclfY3qyVFzHKA6xS9IR-5wVQNAm4QfNk3GHu7PpbC73jGpd-nB9144XJtkzs9eBrGYcVJ7uxz_bTIpgAlD9SEHuUnUyUI89okVUEEBAKqi53tUY1Q_vv56VkY7EIPdv_LIUwopvBPGcNyp2sPBx_ifoJ3PMj1gEsHANOuxx_jhVMDW4lCPR91zGY4IVWPcHrt0rmdZ-xvrTiVAJOuR-kQJzdvqbUiLWgeLji_4m8Xv4xkc3NLgIkExBEYoHPQuf_Ie8jbUU5yJn-IQUWA.jpg,22.1K,1.15K,325,5,753
2546adc8c7e24984bd72e2f13654e327,tg,https://t.me/inclient,–ë–µ–≥–∏–Ω,"–ö–æ–Ω—Ç–µ–Ω—Ç-–º–∞—Ä–∫–µ—Ç–∏–Ω–≥, –Ω–µ–π—Ä–æ—Å–µ—Ç–∏ –∏ –∂–∏—Ç–∏–µ-–±—ã—Ç–∏–µ. –ê–≤—Ç–æ—Ä: –ê–ª–µ–∫—Å–µ–π –ë–µ–≥–∏–Ω (@begin17)",0,0,https://cdn4.cdn-telegram.org/file/LqEZp6MyR_rIKXOyr3cjS9E2kAfdGRSGJxmqfOx8q5EW-GEf8_5cPFcpvYnCyz8-zOHrHWJR6dVO5pRaAry2-iwD-EW-_9U2c4HCq2TT13rNdkTb6NS-ESwJFNByZxb3EKGmNUuyYRwcIiDGUc1DHscB9jYJjcgkFR6pnqxl2XRwju6CI4fzuhpAiOkohdJ5Zso1vkINkBZBFnMyIRZMc7T2D0ipeLN7k9UUScvCWm0Kb5VCIoXz5GcBue4V13LKJp6nIDnVkDn6jM9D8cNahNrTuxeyHu2bvwH8el-ckBOi_kjSRTj4ZG2hbqIiefx-v4rDFt-9-I6x-WsZE--6bQ.jpg,9.4K,575,23,27,546
fb9042fc441e4a50a453b9877d8757be,tg,https://t.me/marketlead_me,–í–µ—Ä–æ–Ω–∏–∫–∞ –∏ GPT-–º–∞—Ä–∫–µ—Ç–æ–ª–æ–≥–∏,"üè¥‚Äç‚ò†Ô∏è –ü–∏—à—É –∫–∞–∫ —Å–¥–µ–ª–∞—Ç—å –∫–∞—Ä—å–µ—Ä—É –≤ –º–∞—Ä–∫–µ—Ç–∏–Ω–≥–µ. –ò —É—Å–ø–µ–≤–∞—Ç—å –±–æ–ª—å—à–µ —Å GPT. –î–µ–ª–∞—é Marketlead.me, –≥–¥–µ –º—ã –ø–æ–¥–æ–±—Ä–∞–ª–∏ —É–∂–µ 100 –º–∞—Ä–∫–µ—Ç–æ–ª–æ–≥–æ–≤ –≤ —à—Ç–∞—Ç.

–ö–æ –º–Ω–µ: @supernilson
–í–∞–∫–∞–Ω—Å–∏–∏ Marketlead: https://spb.hh.ru/employer/10718562",0,0,https://cdn4.cdn-telegram.org/file/vwziZ-2FB6yaJTDV1tjelWqc74wA9RLdlvvqybL8mGW32XsAZl_qva1D_4GR02vwDOyDMU2NB1Vtxefeafn1eBU8v3Kqz9wSdu6R4phCPVb2gHkYgeQbjoOFQlix7u6bNt6pcbyVKkAxcLnYmfL81deNhDj0dHQe5ktI73VMM2FKW89HLWwk4S4GDNVlIVZUIHoYJDgKYuCRuokaEDBU9yMwFvxchvrXvz6qIiH4cxC4re5MVGRREe2h8vEmeBSQk3QoA1JsBqsQ6bzbh8Z0DoKqPRwrVsD0134AY9ClYJrF_n5N8mbS98BmUFDiWdLnDgmixONN_VFCocI7GfmSKw.jpg,6.47K,255,34,1,146
5a288cfbeb5f40d9bc9730563f154e5a,tg,https://t.me/ask_kira,–°–ø—Ä–æ—Å–∏—Ç–µ –ö–∏—Ä—É,"–°–±–µ—Ä, Ex-VK/Ozon/Delivery Club.
–ö–∞—Ä—å–µ—Ä–Ω—ã–π –∫–æ–Ω—Å—É–ª—å—Ç–∞–Ω—Ç, —Ä–∞–±–æ—Ç–∞—é —Å –ø–∏—à—É—â–∏–º–∏ —Å–ø–µ—Ü–∞–º–∏: kira-kalimulina.ru/consulting
UXW-–±–∞–∑–∞: clck.ru/3Dng5u

–°–ø—Ä–æ—Å–∏—Ç—å/—Ä–µ–∫–ª–∞–º–∞ @Kira_Kalimulina",0,0,https://cdn4.cdn-telegram.org/file/m2PKulMFATD6j_ayK5LNy-VCm488zDktEAeyBG_ZZxgtxPXFxLTmAL1RLovrPqF92S2QMm_d0OOb2P2m8aWkhG3ZKkDY7zyzrrF3QUvvm92HdjHeI8sIJFC5NSSNiECSIVLG-XDpKNvWryqAaq-gHUQoJAwsFFK62QE3ZVxkjBhudmEz8TUaMUBotxWt6mGJMKvTebKBuWdjBvvT465yjkD8sBNX3W_MgA1u9rZbFx0OMAP_Ptc7JTagF1B04jM_FIFzNSg6fdCwGi5AYY2nkY-HrHaagnEdojoZDfsXcz_UD4KFwCzgkvD_aqxqTTbyOKsGRH0q2tZUhJlQTTu-YA.jpg,4.29K,617,78,320,
50bf7c25a2d2446aa8781bf1e22df878,tg,https://t.me/gusarovby,–ì—É—Å–∞—Ä–æ–≤ –º–∞—Ä–∫–µ—Ç–∏–Ω–≥ ‚òÑÔ∏è,"14,5 –ª–µ—Ç –æ–ø—ã—Ç–∞ –≤ –∏–Ω—Ç–µ—Ä–Ω–µ—Ç-–º–∞—Ä–∫–µ—Ç–∏–Ω–≥–µ. –í–ª–∞–¥–µ–ª–µ—Ü –∞–≥–µ–Ω—Ç—Å—Ç–≤–∞ GUSAROV

–ü–æ –ø–æ–≤–æ–¥—É —Ä–µ–∫–ª–∞–º—ã –∏ —Å–æ—Ç—Ä—É–¥–Ω–∏—á–µ—Å—Ç–≤–∞ –ø–∏—Å–∞—Ç—å @gusarov4

–£—á—É edugusarov.by

–ü—Ä–æ–¥–≤–∏–≥–∞—é gusarov.by

–ß–∞—Ç 3500 —É—á–∞—Å—Ç–Ω–∏–∫–æ–≤ https://t.me/+Y2VSUMIxAKUwYTdi",0,0,https://cdn4.cdn-telegram.org/file/J6CJDiZh-3jsLOHRnu-VlXlIMaW6bcc4uqMa_e0pxNJ8PLmf-4iUlLI_5DGZbXqQNJQ4hFIllvw3TsQxbutx8_eT-K9PQv6pEPmf0YkEOGw-_4qeX1B6CGN2O4tvhJye2QXkYJCQ1tIU6OuRdYyUvkUPVJ8AO19qiySjlbYSEaqbO6jsYqOEZ5iwS7uDbDDyNsnCT4kHmhyNcenlmVasOgIJGNgJDO6PIvA5GnBP4b_0aBVwjwjvqkPlRrYKvUrgaEdZmf9cG-8sesbDXfYAv0Wde1rscvhBtqrGx-k_HxVN1jUXp9MWRz8QT9GFpEH2M96gtnxf0VCaBWCI6Ddgyw.jpg,23.3K,1.36K,177,39,1.76K
