,user_id,social_type,channel_link,channel_name,channel_info,channel_readiness_collab,channel_verify,channel_ava,social_num_subs,social_num_photos,social_num_videos,social_num_files,social_num_links
0,d6e95df7703544d7b3631225bb7ef324,tg,https://t.me/marketolognamax,–ú–∞—Ä–∫–µ—Ç–æ–ª–æ–≥ –Ω–∞ –º–∞–∫—Å–∏–º–∞–ª–∫–∞—Ö,"13 –ª–µ—Ç –≤ –º–∞—Ä–∫–µ—Ç–∏–Ω–≥–µ –∏ PR\\n\\n—Ä–µ–∞–ª–∏–∑–æ–≤–∞–Ω–æ –±–æ–ª–µ–µ 100 –ø—Ä–æ–µ–∫—Ç–æ–≤\\n\\n–ê–≤—Ç–æ—Ä: –°—É—Ö–∞—Ä–µ–≤–∞ –ê–ª–∏–Ω–∞ @alinasuhare\\n\\n–ó–¥–µ—Å—å –≤—Å—ë –æ –º–∞—Ä–∫–µ—Ç–∏–Ω–≥–µ, –ø—Ä–æ–¥–≤–∏–∂–µ–Ω–∏–∏, –ª–∏—á–Ω–æ–º –±—Ä–µ–Ω–¥–µ –∏ —Ä–∞–∑–≤–∏—Ç–∏–∏!",0,0,https://cdn4.cdn-telegram.org/file/qVEJcCdCH6lPrQ2nC28c1MDdF4uS2WCPasYCxwLPiohIKRdgqxh6yL-kiktdvGo47h6TOj9bvTqjhgSQZCzYIXVgBsMHgs_7DRcXpVZlh9ul0C3vPQjKJvLmItDewcoWwvKU1RWE4uf31PHGUngBXhHFoZ12-h9C-_pBe2rwQyZsKGChyDll2MUO9Ad5oETexyhQUqsNn2gJ7SCCz7vC9eZ0JU4EcG7mx3NyzxkdPH2_ZRzHGYvlXFcp3Qsfz3-kik2kyGzsclExyfuEzs3qr6fxKQHGAo6X6Cepu9djDjyVh7yhsONUSJlDWICzIAJPrx2tUrckPv9dO-tFceSVSA.jpg,174,67,14,6,5
1,4928b0964b2349408596e64e6ce3e4ee,tg,https://t.me/ask_kira,–°–ø—Ä–æ—Å–∏—Ç–µ –ö–∏—Ä—É,"–°–±–µ—Ä, Ex-VK/Ozon/Delivery Club.\\n–ö–∞—Ä—å–µ—Ä–Ω—ã–π –∫–æ–Ω—Å—É–ª—å—Ç–∞–Ω—Ç, —Ä–∞–±–æ—Ç–∞—é —Å –ø–∏—à—É—â–∏–º–∏ —Å–ø–µ—Ü–∞–º–∏: kira-kalimulina.ru/consulting\\nUXW-–±–∞–∑–∞: clck.ru/3Dng5u\\n\\n–°–ø—Ä–æ—Å–∏—Ç—å/—Ä–µ–∫–ª–∞–º–∞ @Kira_Kalimulina",0,0,https://cdn4.cdn-telegram.org/file/Gry7ATlGcAzqTnhJ0fgc5jvWOfRxYyaGkHk_dRWs4QLWbPR5fl6u3DXxRdCtABV6HFbGrV4ItX4Iw5t_kWOVgXqJQazGMN0AzLiBl7v9dJiFPKKz3z9KsAmK1bQUeSyfDdVSfIbRT85poRb78sdktOaUv4SLXJ8JbBlqm-aty5EEdd_mYbo5PgnAqNFU2HOr30eghADFBAFmdqOQqKKnQLUalzcLBnTA2zTzHP8cms-_F_sMNUgVM0_qA-UDDZ-Nzklybt604h4QwuPKWNWKw7k1r8-OBJJL72uaqY3GtyNxewQfu72i0Q_fcOYJYbiiE5gtW7eoVZTnRrHOIifVng.jpg,4.3K,617,78,0,320
2,fd357828b88e43d4b8a80d089dacbaa7,tg,https://t.me/MenshikovaproPR,–ú–ï–ù–®–ò–ö–û–í–ê –ü–†–û –ü–ò–ê–†,"–≠–∫—Å–ø–µ—Ä—Ç–Ω—ã–π –±–ª–æ–≥ –∂—É—Ä–Ω–∞–ª–∏—Å—Ç–∞ –∏ –ø–∏–∞—Ä—â–∏–∫–∞,\\n–Ω–∞–±–ª—é–¥–∞—Ç–µ–ª—è —Å–æ —Å–≤–æ–∏–º –º–Ω–µ–Ω–∏–µ–º.\\n–ü–æ–ª–µ–∑–Ω–æ –¥–ª—è —Ç–µ—Ö, –∫—Ç–æ —Ä–∞–∑–≤–∏–≤–∞–µ—Ç –ª–∏—á–Ω—ã–π –±—Ä–µ–Ω–¥ –∏ –∫–æ–º—É –Ω—É–∂–Ω–∞ —Å—Ç—Ä–µ—Ç–µ–≥–∏—è –ø—Ä–æ–¥–≤–∏–∂–µ–Ω–∏—è\\n\\n–°–≤—è–∑–∞—Ç—å—Å—è —Å –∞–≤—Ç–æ—Ä–æ–º @menshikova_pr",0,0,https://cdn4.cdn-telegram.org/file/kcRmEBzpjeZnCLJM8Ux06GNnfTnGfl0MSoI9_jWdHa-TOnsAtU5K0ZSZE27f8FcS75RcKHpHB1FTJx8KoYpyefVvGcI7C_Qa_bMYZYGZ7TDqK_81QgPBGx8zgXS48T-PezJ0X1uQkGyLPb1j_qzU0pfviS7PF5bErC3Y0JoiA55Rce3ytwArv2fehs5j6667urLD1cXZQKlBWcPMLzhdhSCL630_WSfBaL94GR5AFutcpl5dmSbHFZMNzY4f1QTJ2jnBBh_OjgNcYcYXvaUgVwe2mwKTLTc7m8aSfyo7cJXZ2_QEQkY_CYvBPuXpc62IR82BDmjLKnqteUTmpZwurg.jpg,1.2K,958,513,39,547
3,235cfe5492f24244a6b55e73559e3a7a,tg,https://t.me/zhd_10,–ê–ª–µ–∫—Å–µ–π –ñ–¥–∞–Ω–æ–≤ –ø—Ä–æ Performance –º–∞—Ä–∫–µ—Ç–∏–Ω–≥,–ü—Ä–∏–≤–æ–∂—É –ø—Ä–æ–¥–∞–∂–∏ –Ω–∞ WB –∏ OZON —Å –ø–æ–º–æ—â—å—é –≤–Ω–µ—à–Ω–µ–≥–æ —Ç—Ä–∞—Ñ–∏–∫–∞.\\n\\nBeauty/e-commerce/marketplaces/ed-tech\\n\\n- –ë–ª–æ–≥–µ—Ä—ã\\n- –Ø–Ω–¥–µ–∫—Å –î–∏—Ä–µ–∫—Ç\\n- –í–ö —Ä–µ–∫–ª–∞–º–∞\\n- Telegram ads\\n- CRM —Å—Ç—Ä–∞—Ç–µ–≥–∏–∏\\n- –ê–≤—Ç–æ–≤–æ—Ä–æ–Ω–∫–∏\\n- AI –∞–≤—Ç–æ–º–∞—Ç–∏–∑–∞—Ü–∏—è\\n\\n@zhdd_11,0,0,https://cdn4.cdn-telegram.org/file/g8-mvritKiX8gvzrhoAizVAcp3iochnCn98T1iyQgFWI2W3COaFzKfLdE6v0nQ6c6eRju1x6z3ZXSsHur61SHmm-7dkqFjDT-9awrlZUbF30dPHwlfRtGSMNgwsDB5iWPKQeafibPpPQ7-P4J0daSSlvBvjhKe5I4tuPO4_xU4a65W_lKaXR6uazTu9saxuLi4Dfcr7J3aJIGZhoH2IaKII8MqMcqokEKm8n1fc5GN6nfzuH8vRMaYDkE8-qciYRP6QvIfAEH-RhdoFe2AVMrjIaNEKkcvfpgSC-LVofneH8zxsKaEW4R0qe2G6GtvNC5WGtR0QQVwp3EGcy9a2Btw.jpg,871,36,3,6,38
4,fcba5067ddc14643b989c073587ca765,tg,https://t.me/chaikinpro,‚öúÔ∏è–¢—Ä–∞–±–ª—à—É—Ç–µ—Ä. –ê–ª–µ–∫—Å–µ–π –ß–∞–π–∫–∏–Ω. –ë–∏–∑–Ω–µ—Å –Ω–∞—Å—Ç–∞–≤–Ω–∏–∫. –ú–∞—Ä–∫–µ—Ç–æ–ª–æ–≥.,"–ö–æ–Ω—Å—É–ª—å—Ç–∞—Ü–∏–∏, —Å–æ–ø—Ä–æ–≤–æ–∂–¥–µ–Ω–∏–µ, –±–∏–∑–Ω–µ—Å –ù–∞—Å—Ç–∞–≤–Ω–∏—á–µ—Å—Ç–≤–æ, –≤—ã—Å—Ç—É–ø–ª–µ–Ω–∏—è, –ø—Ä–µ–¥–ª–æ–∂–µ–Ω–∏—è - –≤ –¥–∏—Ä–µ–∫—Ç @prochaikin\\n\\n–í –∫–∞–Ω–∞–ª–µ –º—ã—Å–ª–∏, –∫–æ–Ω—Ü–µ–ø—Ü–∏–∏, –∏–¥–µ–∏ –∏ –∫–µ–π—Å—ã –≤ –æ–±–ª–∞—Å—Ç–∏ –º—ã—à–ª–µ–Ω–∏—è, –º–∞—Ä–∫–µ—Ç–∏–Ω–≥–∞ –∏ –±–∏–∑–Ω–µ—Å –ø—Ä–æ—Ü–µ—Å—Å–æ–≤, –∞–Ω–æ–Ω—Å—ã —Å–æ–±—ã—Ç–∏–π.\\n\\n–†–∞–∑–±–∏—Ä–∞–µ–º –º–µ—Ç–æ–¥—ã —Ç—Ä–∞–±–ª—à—É—Ç–∏–Ω–≥–∞.\\n\\nchaikinpro.ru",0,0,https://cdn4.cdn-telegram.org/file/A8fx2fgDMCKUZD4GB3vWYk9iF0sz16Qw8yMFX-OCIeDc8d8VgnFsr4EKHkeYUVG7Jsl9vZyyMQMt6fquTumc1iJ3WK1XcOsOB65jTdW6kJYtzfHhbDYp5hvdzmws1TOQQOHfMoyMCyH4owiTlXAneAmvH18nTxbDsynEaFXiOJf1NRkxScGMuIyvrZssMl3yP5f0zw305IE4E-IVk4U7yNoAGvOZ58d9PEk_fJb_plb7CD7hsKZOyI0p9iCcept3T3k3p6fN1bJrReyyHsELWftbFt-kSbfl_BDPhVptUhdFIEbUopCvA8fcnhXbJitKzTXYB5G2_qcYOpqY48yMrA.jpg,616,243,65,0,131
5,16603d4989434cb4b4d8987e91f0daf8,tg,https://t.me/lilianagrechka,–ì—Ä–µ—á–∫–∞ –ø—Ä–æ SMM,"–¢–∞ —Å–∞–º–∞—è –õ–∏–ª—è –ì—Ä–µ—á–∫–∞\\n–î–µ–ª–∞—é —Ç–∞–∫, —á—Ç–æ–±—ã —É –±–∏–∑–Ω–µ—Å–∞ –±—ã–ª–∏ –¥–µ–Ω—å–≥–∏ (—á–µ—Ä–µ–∑ —Å–æ—Ü–∏–∞–ª—å–Ω—ã–µ —Å–µ—Ç–∏ –∏ –ø–∏–∞—Ä-—Å—Ç—Ä–∞—Ç–µ–≥–∏—é)\\n\\nSMM –≤ –ì–ö –¢–û–ß–ù–û\\n–†—É–∫–æ–≤–æ–∂—É —Å–≤–æ–∏–º –∫—Ä–µ–∞—Ç–∏–≤–Ω—ã–º –∞–≥–µ–Ω—Ç—Å—Ç–≤–æ–º\\n\\n–ö–æ–Ω—Ç–∞–∫—Ç –¥–ª—è —Å–≤—è–∑–∏: @almondbranch",0,0,https://cdn4.cdn-telegram.org/file/OyTo_b7pX8fUF0qSGmbwDoQNUBCFb16zRpRuYsh-wryUm8nYwdGau8c-Kwe4EmHaEMT_BTmhumNIVjH9chYDghLYE2VbDkYjlyrllaAvZQ7mZ_Q_56X8kZBEdmaKJaOQ9Ztce-llzX2MgcW5ALhlEceXVY4p5-9UtHpynJVwTdwC86td9yhEl7NKQBEnAzd-LcKw-b_CTsFfA0wk5HLTYRYo8CsH60A21JmXXMu4BpMVgROm0VJzCxGWRgUwpOm2FthDZOHn-YcJk6I4hto25_YaDJbtQZut8a-L4XkvEmtatyi6aYfxxEv6RMd85Qw7tu-HrwTDZcUdtB3VQA3_tQ.jpg,515,1.51K,252,2,157
6,24024735e6624192b52bea8e4977b9ff,tg,https://t.me/pgmarketing,–ü–ì | –ø–æ–∏—Å–∫–æ–≤—ã–π –º–∞—Ä–∫–µ—Ç–∏–Ω–≥,"–ü–æ–∏—Å–∫–æ–≤—ã–π –º–∞—Ä–∫–µ—Ç–∏–Ω–≥ ¬´–ü–∞–Ω—å—à–∏–Ω –ì—Ä—É–ø–ø¬ª: SEO, SERM, PPC, –∫–æ–Ω—Ç–µ–Ω—Ç-–º–∞—Ä–∫–µ—Ç–∏–Ω–≥, –≥–µ–æ–º–∞—Ä–∫–µ—Ç–∏–Ω–≥\\n–†–∞–∑–±–æ—Ä –∫–µ–π—Å–æ–≤ –ø–æ –ø—Ä–æ–¥–≤–∏–∂–µ–Ω–∏—é –∫–ª–∏–Ω–∏–∫ –∏ –º–µ–¥—Ü–µ–Ω—Ç—Ä–æ–≤\\n–û—Å—Ç–∞–≤–∏—Ç—å –∑–∞—è–≤–∫—É https://clck.ru/3MwDCV",0,0,https://cdn4.cdn-telegram.org/file/shsJTXKfmQ4QVMYWxRi3vPnH5xoYcS0GBBCRzFOkOSFMHoH2Y3SJTP5xYFjcwH_Dz6uwzcq2NVtezlFMYp3WDqGrIgN8dBHW2ceRb2Go9wzrnJ6ulvd36pMu80IkWld9A9IOfbyzrKnY40Lb1q0N5Q_jLy3Uc20n4aBy-nXa-QsdlYVSi4PdOQt9JfjZAXx05vvTHDyFoPIhWJqN1XeovtsFa9DahP7ghVFX_msyxOrGbN2_771oTrHTjMEMInP-BN2tJuWP7NqClNrE_oCaD4HYiWxs5n8ODvnJNZ1zB4hQFslHNhJbGKezufIRUN1__hFlIchkRHTAzI01V_a2yA.jpg,456,639,61,8,507
7,16729d17e4234f8cbef65aeae71a2380,tg,https://t.me/smmlion,–•—Ä–æ–Ω–∏–∫–∏ SMM-–ª—å–≤–∏—Ü—ã,"–ú–∞—Ä–∫–µ—Ç–∏–Ω–≥, –±—Ä–µ–Ω–¥–∏–Ω–≥, –ø—Ä–æ–¥–≤–∏–∂–µ–Ω–∏–µ\\n\\n–†–∞–∑–±–æ—Ä—ã, —Å—Ç—Ä–∞—Ç–µ–≥–∏–∏, –∫–æ–Ω—Ç–µ–Ω—Ç. –ö–∞–∫ —Ä–∞—Å—Ç–∏ —á–µ—Ä–µ–∑ —Å–º—ã—Å–ª—ã, –∞ –Ω–µ —Ö–∞–π–ø\\n\\n–í—ã—Å—Ç—É–ø–∞–ª–∞ –≤ –≠—Ä–º–∏—Ç–∞–∂–µ –∏ –¥–ª—è –°–±–µ—Ä–±–∞–Ω–∫–∞. –í—ã–ø—É—Å–∫–Ω–∏–∫ –ë—Ä–∏—Ç–∞–Ω–∫–∏ –∏ Novikov School. 11+ –ª–µ—Ç –æ–ø—ã—Ç–∞, 300 –∫–ª–∏–µ–Ω—Ç–æ–≤",0,0,https://cdn4.cdn-telegram.org/file/ViTNh6glcucuhcXv7PzGRWabTaz3XIBXX244uMNcBN_2IieNgcYbJAPJfmMj4irxSVixNzrLIzapvK0d8T_0z7zHOE47_TbaH1RdBKR7gG-s8-7-WOBAf6I2rr0euLYgDtrmdbMOIgF7_Ep_XncGGzzWN-dyOtjjr0kubh5RNEm_EU3LrHxG5GamGlJG4Sh8eF3jzazR7toLpXbUuDJVjE2sgw7iUDlQP9eqhVwTmYV7vtXN9Q9CgRBDLlqK0txxUsTbKadbYYk-QVI4KxHUUmsRHb9bm_H7y_-bTIvZP8JiG-vMIIXm76hA93xs6h9Bqx5jzLt04jMdDFleIXCVaw.jpg,431,1.27K,299,199,130
8,85da3526af70474da3cb7261db2b7449,tg,https://t.me/zharikovsales,–ñ–∞—Ä–∏–∫–æ–≤ –æ –ø—Ä–æ–¥–∞–∂–∞—Ö ü§ù,–°–µ—Ä–≥–µ–π –ñ–∞—Ä–∏–∫–æ–≤\\n–†–∞—Å—Å–∫–∞–∑—ã–≤–∞—é –ø–æ–Ω—è—Ç–Ω—ã–º —è–∑—ã–∫–æ–º –æ –º–∞—Ä–∫–µ—Ç–∏–Ω–≥–µ –∏ –ø—Ä–æ–¥–∞–∂–∞—Ö –ø–æ –º–æ—Ç–∏–≤–∞–º 20+ –ª–µ—Ç –æ–ø—ã—Ç–∞ –≤ —Ä–∞–∑–≤–∏—Ç–∏–∏ –ø—Ä–æ–µ–∫—Ç–æ–≤ –¥–ª—è —Ä–∞–∑–Ω—ã—Ö –æ—Ç—Ä–∞—Å–ª–µ–π –±–∏–∑–Ω–µ—Å–∞.\\n\\n–ë–∏–∑–Ω–µ—Å-—Ç—Ä–µ–∫–µ—Ä –§–æ–Ω–¥–∞ —Ä–∞–∑–≤–∏—Ç–∏—è –∏–Ω–Ω–æ–≤–∞—Ü–∏–π –ö—Ä–∞—Å–Ω–æ–¥–∞—Ä—Å–∫–æ–≥–æ –∫—Ä–∞—è\\n\\n–°–≤—è–∑–∞—Ç—å—Å—è: @zharikovss\\n+7 (952) 830-66-70,0,0,https://cdn4.cdn-telegram.org/file/ufTtn8n2QsCk-nDwpkvBTokfryzfAgG3VRedNaJ2a4uAdN8i6S7by-ObPn2WgWvVbquSKeXZtWZ82Yrxh-v8ca1Z7fVVXulX2f_lt7P9UEybvnx5BNfABWpyNbJSANT3JWLONwNM6lm8eik6H2GA0GkbIrnygujC2SG7gg85K0AsbpIfhkSAbNfFaIEg3zmhcQfrVP0dsP5CjPd6bBO-CWEx6ILY2y-wbdJ4yY_EEQwtx8jKH4wCh6r1N1FJdax6yYRbSut0zB4cI1B0-_giXQ-rWzgqSgbnHTMGhSTrnPVvLDnqRLAHDUmEhLlMgPbnpoBLVHBPpHtWR-p_jkzj8g.jpg,425,259,45,13,114
9,4776c6dd429146bda7b371827ba26ddc,tg,https://t.me/shillersdesign,–°—Ç—É–¥–∏—è ¬´–®–∏–ª–ª–µ—Ä¬ª,"–Ø –ê–ª–µ–∫—Å–∞–Ω–¥—Ä –®–∏–ª–ª–µ—Ä\\n\\n–≠—Ç–æ—Ç –∫–∞–Ω–∞–ª –æ —Ç–æ–º –∫–∞–∫ —Å–æ–∑–¥–∞—Ç—å –±—Ä–µ–Ω–¥, –∫–æ—Ç–æ—Ä—ã–π –±—É–¥—É—Ç –≤—ã–±–∏—Ä–∞—Ç—å —Å—Ä–µ–¥–∏ –∫–æ–Ω–∫—É—Ä–µ–Ω—Ç–æ–≤.\\n\\n–û —Å–æ–∑–¥–∞–Ω–∏–∏ —Å–º—ã—Å–ª–æ–≤, –ø—Ä–æ–¥—É–∫—Ç–µ, –º–∞—Ä–∫–µ—Ç–∏–Ω–≥–µ. –û —Ç–æ–º –∫–∞–∫ –¥–µ–ª–∞—Ç—å —Å–≤–æ–π –ø—Ä–æ–¥—É–∫—Ç –ø–æ–Ω—è—Ç–Ω—ã–º.\\n\\n–ê–ª–µ–∫—Å–∞–Ω–¥—Ä: @shiller_lex",0,0,https://cdn4.cdn-telegram.org/file/A-tLyQ6ehdz-WbkqAXK4MTrcN8Z8lyP-zI5tONKGNewjx1S6h30-eJo2dZKMGzwjhPrPfcq0Xj29uJP_pR8lGlaY9FVDpBbLSohEwHci0MhNQ-tIltjgeZbRTdZLNQWT1Ww0ELUww-oJcJ5ZxeEqTWLbD3YxB1KocijwMXdk9repAdYKXIQa01XDOnTjYYmfwhVB3GQyUiurf_l3n_JauhYma4jVNngyYqP0bvofh2NYG3O94NUnYAanPSFHW_72wSdRIRXxaf0PDEYNqKn03pzNSaj4s00t-2AwN9o6prGDPPCn4K5-KE2GBfXzWa8MA9qU3EPhhbIGXVve_56w_w.jpg,392,71,62,5,31
10,c95601c8567647ab8d335800be88a978,tg,https://t.me/businessmother,–ü—Ä–µ–¥–ø—Ä–∏–Ω–∏–ú–∞—Ç—å,"–ü—Ä–æ—Å—Ç—ã–º –∏ –ø–æ–Ω—è—Ç–Ω—ã–º —è–∑—ã–∫–æ–º –ø—Ä–æ –Ω–µ–π—Ä–æ—Å–µ—Ç–∏ –∏ AI-–ø—Ä–æ–¥—É–∫—Ç—ã.\\n\\n–ó–∞–∫—Ä—ã—Ç—ã–π –∫–∞–Ω–∞–ª —Å —É—Ä–æ–∫–∞–º–∏ –ø–æ –ò–ò –≤ –º–∞—Ä–∫–µ—Ç–∏–Ω–≥–µ, SMM, –∫—Ä–µ–∞—Ç–∏–≤–µ: @ai_shorina_bot\\n\\n–í—Å–µ –≤–æ–ø—Ä–æ—Å—ã —Å—é–¥–∞ ‚û°Ô∏è @shorina_yu",0,0,https://cdn4.cdn-telegram.org/file/Vz9D3PfkWcFxeLMWwi1u7ggdvN4eCdycFJWMh-nT3DPj4Y6530YCBbdELuTgxyc_qBpdq6BFEi8-M1fMLxfD5coAP1RSeEg4KCPs7McR-XcAOA3PrbUGxPsDv_G9S5gPGtpBhpsQKS3vvJXu0wiTgK96fsryv84t5BKKeY-GW1_yAsFVJqEVlq55lug3wXgE3bS6zRCrOmFACJxp1dImP9GVq96-O7eFQ467eEs7bIg0Wl2PJkjbC8zKSTHUuGaDgiyPiVMiwKJHtw4GhaYClL9YCdXmC-KGDqvpdDrDc3yn9XGfZ3GORwXh-zd11Okq0-eRsQzpZwNodHXafw55rg.jpg,309,263,44,3,98
11,7716340ff8344c359a2d2c59adb42fea,tg,https://t.me/My_full_contact,–ê–Ω—Ç–∏—Å—Ç—Ä–µ—Å—Å –¥–ª—è –ø—Ä–µ–¥–ø—Ä–∏–Ω–∏–º–∞—Ç–µ–ª–µ–π \U0001fa76 –ò—Ä–∏–Ω–∞ –ú–∞—Ç—É—Ö–Ω–æ–≤–∞,"–î–∞–Ω–Ω—ã–π –∫–∞–Ω–∞–ª –±–∞—Ç–∞—Ä–µ–π–∫–∞ –¥–ª—è –∂–∏–∑–Ω–∏, –∫–æ—Ç–æ—Ä–∞—è –Ω—É–∂–Ω–∞ –ª—é–±–æ–º—É –ø—Ä–µ–¥–ø—Ä–∏–Ω–∏–º–∞—Ç–µ–ª—é. –ó–¥–µ—Å—å –≤—ã –Ω–∞–π–¥–µ—Ç–µ –æ—Ç–≤–µ—Ç—ã –Ω–∞ –≤–∞–∂–Ω—ã–µ –≤–æ–ø—Ä–æ—Å—ã, –ø–æ–ª—É—á–∏—Ç–µ –∑–∞—Ä—è–¥ —Ä–∞–¥–æ—Å—Ç–∏ –∏ –≤–¥–æ—Ö–Ω–æ–≤–µ–Ω–∏—è.",0,0,https://cdn4.cdn-telegram.org/file/tvLkbSl72WvLtk2_wMPUaNqxIKz3NhS1TUODkQUm8iRmE6lEgC_WA7b3WocsqaQZD3fQ-7HSFHSEFxCTWgl_38A4WAjW1_crdhNq_U_5M3xrXJYSDkrwiBicjHV032JQ_0_P40BfkCzJNG0m_gJyaWZPpgek_qAm6J3nctSOdd1qoz1yd6RQ_vCRFXg5qsSaVvjysZd5IT0dKYURid8v0FuKeBWfvt6FZ-n4Hr7cLARKLOFHQm1khRJbQ_JdoH_jRYjT6luDCQ8DDGKvHVtPzf_OzKcFVgXUBX9Q2naoVODE8zScRSvb3LtAEjAEopDD96coKjAAWy1BzCwim-Drdg.jpg,316,174,85,2,65
12,8d6cf228fd2c4bc889d161c2841f79ea,tg,https://t.me/that_was_the_plan,–¢–∞–∫ –∏ –±—ã–ª–æ –∑–∞–¥—É–º–∞–Ω–æ,"–ú–µ–Ω–µ–¥–∂–µ—Ä, –∫–æ—Ç–æ—Ä—ã–π —Ä–∞—Å–ø—Ä—è–º–ª—è–µ—Ç –ø—Ä–æ—Ü–µ—Å—Å—ã, —Å–ø–æ—Ä–∏—Ç —Å —Å–∞–º–æ–∑–≤–∞–Ω—Ü–µ–º –∏ –∑–∞–¥–æ—Ä–Ω–æ –ø–µ—Ä—Ñ–æ—Ä–º–∏—Ç. –ó–¥–µ—Å—å ‚Äî –º–æ–∏ —Ö–∞–æ—Ç–∏—á–Ω—ã–µ –º–µ—Ç–æ–¥—ã –≤—ã–∂–∏–≤–∞–Ω–∏—è: –∫–∞–∫ –Ω–µ —É—Ç–æ–Ω—É—Ç—å –≤ –∑–∞–¥–∞—á–∞—Ö, —Å–æ—Ö—Ä–∞–Ω–∏—Ç—å –±–∞–ª–∞–Ω—Å –º–µ–∂–¥—É —Å—Ç—Ä–∞—Ç–µ–≥–∏–µ–π –∏ —Ä—É—Ç–∏–Ω–æ–π –∏ –Ω–µ –ø–æ—Ç–µ—Ä—è—Ç—å –∫–æ–º–∞–Ω–¥—É, —Ñ–æ–∫—É—Å –∏ —Å–µ–±—è\\n\\n@rawtu, –ø–∏—à—É –æ —Ç–æ–º, –æ —Å–µ–º",0,0,https://cdn4.cdn-telegram.org/file/tZqQjwDrT57FoHQGQkR5uIGIMkBGhqQ6xA__0G6iLtKGn3e50kB7fpoo0Lw-tJifBP66QDqvPyJgT3L4fPvH5ajeknoKmyD50id_4ZA52rscPOQ8hgJb0ENh_gVZpTtVl5h6RdpcqqH40gyMolYuRLEZbHYMb_yQFY40S7pw5ULgYaBuEf7uf_Eu36NGmYDeAw96r8SZ2wCAT8WB2PMOoO5gwTMuXtZWeTxW3Dyir08k5TO5ZYRQm9ARAZWuu19HTjfHmjVczh5coboEwdzFOj6XXJTwwc0m84IUEEqez4QlD7Qz7SbWmIUiKICibrzDu32AY1KiQLdjffmWbr_tXg.jpg,137,28,1,1,19
13,231cf867bbc943fa823baa74885121dc,tg,https://t.me/ognevapr,–û–ø—è—Ç—å –û–≥–Ω–µ–≤–∞?,"–ó–∞–º–µ—Ç–∫–∏ —Ä–µ–≥–∏–æ–Ω–∞–ª—å–Ω–æ–≥–æ –ø–∏–∞—Ä—â–∏–∫–∞, –∏–Ω—Å–∞–π—Ç—ã/–¥—ã, –ø—Ä–∞–∫—Ç–∏—á–µ—Å–∫–∏–π –æ–ø—ã—Ç –∏ –Ω–µ–º–Ω–æ–≥–æ –ª–∏—á–Ω–æ–≥–æ –æ—Ç –∫—Ä–∞—Å–Ω–æ–¥–∞—Ä—Å–∫–æ–≥–æ –ø–∏–∞—Ä-–¥–∏—Ä–µ–∫—Ç–æ—Ä–∞.\\n\\n–ü—Ä–µ–¥–ª–æ–∂–∏—Ç—å —á—Ç–æ-—Ç–æ –∏–ª–∏ –ø–æ–∑–≤–∞—Ç—å –Ω–∞ –ø—Ä–æ–µ–∫—Ç —Å—é–¥–∞: https://ogncy.ru/",0,0,https://cdn4.cdn-telegram.org/file/dZsry-EVtpjOaTvcIhnUv7jP_KhFGL_wZKC9gfYMNjpOww-ekBL3A7vjKr7_x-5C4A-oNz9yzZ8FPS8LTG2twUlhzLuzyDkNUHsY5CiWI7zvzuLXWq1A9-u8istLuX2G9BFd_Tu4diwksk2e7E4oIh2j-ffQxuAhCUVlGmq1igUmaHyg8zouUAa-1MxoKZ5mGqyTkYSYGuN6u_ajzQjIs4KWXF_9QamZNWP3ki2-44gE7Mem62jsSPD4TEinmPJEgEC_P-Gv_vQgofUakI3MIibevRqAzENvPdBIBxex3InuReF285IUJMCVuV_9-Ebmn4xMvPFhXo_-tbppvPZCLg.jpg,108,37,8,0,35
14,3c06fd1312a245849c915f7c71e49922,tg,https://t.me/vividvisualkrd,–í–∏–¥–µ–æ–≥—Ä–∞—Ñ | SMM | –ö—Ä–∞—Å–Ω–æ–¥–∞—Ä,"–°–Ω–∏–º—É —Ä–æ–ª–∏–∫ –¥–ª—è –≤–∞—à–∏—Ö —Å–æ—Ü. —Å–µ—Ç–µ–π –∏–ª–∏ –ª–∏—á–Ω–æ–≥–æ –∞—Ä—Ö–∏–≤–∞ üé¨\\n–ü—Ä–æ–≤–µ–¥—É —Ñ–æ—Ç–æ—Å–µ—Å—Å–∏—é üì∑\\n\\n–ù–∞ —ç—Ç–æ–º –∫–∞–Ω–∞–ª–µ –≤—ã –º–æ–∂–µ—Ç–µ —É–≤–∏–¥–µ—Ç—å –º–æ—é —Ä–∞–±–æ—Ç—É –∏–∑–Ω—É—Ç—Ä–∏, –∫–µ–π—Å—ã ‚ù§Ô∏è\\n\\n–ó–∞–ø–∏—Å–∞—Ç—å—Å—è –Ω–∞ —Å—ä–µ–º–∫—É - @chelyshevavi",0,0,https://cdn4.cdn-telegram.org/file/u6vqx0GMf2A0CxNO1v3y3unDSw1n38LqHEoO2K3PFhL7MFFTWU0IpxL-NGngFsEKoVkQHDYyYWydcoQYoFo6H6ShdXTJlcRY0HPTX7Pb0CyWW9KPNK-m5lunx6dRIN2_vWN3jk1wNPjme6YNNJgMXNoKWUU91y_IMKiN97i20JSXlxiGA5Ra_QzgjuCgckDCQOUsYje9eXOsNTx-U6AbBax5pa5X32YRzPHH1CjyXB9mdvBoVk32XrV7Yggh7nyj1vd4nobxGdZToUvaHhYsFwnXhZyrCyMLW0B7Oy6ASXN5OZevG9Oa2bkI_kU0KkkHxKTfjh3cnOQgplA7GIM0nA.jpg,27,120,94,0,1
15,c5647b22545c4c3eb7dc144ba1bda736,tg,https://t.me/for_Founder,–î–õ–Ø –û–°–ù–û–í–ê–¢–ï–õ–ï–ô,"–ö–∞–Ω–∞–ª –¥–ª—è –ø—Ä–µ–¥–ø—Ä–∏–Ω–∏–º–∞—Ç–µ–ª–µ–π –∏ —ç–∫—Å–ø–µ—Ä—Ç–æ–≤. –ü—Ä–æ —Ä–∞–∑–≤–∏—Ç–∏–µ —Å—Ç—Ä–∞—Ç–µ–≥–∏—á–µ—Å–∫–æ–≥–æ –∏ —Ç–∞–∫—Ç–∏—á–µ—Å–∫–æ–≥–æ –º—ã—à–ª–µ–Ω–∏—è, –ø—Ä–æ —Ü–µ–ª–µ–ø–æ–ª–∞–≥–∞–Ω–∏–µ. –ü—Ä–æ –º—ã—à–ª–µ–Ω–∏–µ –±–µ–∑ –æ–≥—Ä–∞–Ω–∏—á–µ–Ω–∏–π. –ü—Ä–æ —Ä–∞–∑–≤–∏—Ç–∏–µ: –ª–∏–¥–µ—Ä—Å—Ç–≤–∞, EQ, —É–ø—Ä–∞–≤–ª–µ–Ω—á–µ—Å–∫–∏—Ö –∫–æ–º–ø–µ—Ç–µ–Ω—Ü–∏–∏. –ü—Ä–æ —ç—Ñ—Ñ–µ–∫—Ç–∏–≤–Ω—É—é –∫–æ–º–∞–Ω–¥—É.",0,0,https://cdn4.cdn-telegram.org/file/NyG0k_1yk9LQH5FfHxUncG1ZdW3h55p7l4SDLpf4V34qwybgApHIPebt3thyDBTs8b0pYkFGAl4h9tUK-6LP7xpDjY-7rHesqGFxsKsphst-q8ULZBwrHvcS2cgB2OINPMuCs_yDq6xRE1m59IHA0d_hdnScIQ8H05BQmF7zhyX75Eml-EkDezanEJcWTZERd_TY5v_c1TSBLc4C4w5pmggnNlB5ZL1slRk-ILGC1-T3W559FZ-krwHLrPlouqs7ioZKBvAkwwpEoIDhWX5qa-7Q0jRZXUZUfk8VWy54lt5l7OvLzi2OjcFGoU9oDV4BRK8MJowBt7DtaJevLGMY5A.jpg,25,7,1,0,1
16,c0dc4caa4a6742f58239c06c8ae6ee3d,tg,https://t.me/yugmarketing,–Æ–∂–Ω—ã–π –∫–ª—É–± –º–∞—Ä–∫–µ—Ç–∏–Ω–≥–∞,"–ó–∞–∫—Ä—ã–≤–∞–µ–º –≤—Å–µ –≤–æ–ø—Ä–æ—Å—ã –ø–æ –º–∞—Ä–∫–µ—Ç–∏–Ω–≥—É.\\n\\n–ü–æ–º–æ–≥–∞–µ–º –±–∏–∑–Ω–µ—Å—É —Ä–∞—Å—Ç–∏, –¥–µ–ª—è—Å—å –ª—É—á—à–∏–º–∏ –ø—Ä–∞–∫—Ç–∏–∫–∞–º–∏ –≤ –º–∞—Ä–∫–µ—Ç–∏–Ω–≥–µ.\\n\\n–†–µ–≥—É–ª—è—Ä–Ω—ã–µ –±–∏–∑–Ω–µ—Å-–º–µ—Ä–æ–ø—Ä–∏—è—Ç–∏—è @yugmarketing\\n\\n–ü–∞—Ä—Ç–Ω–µ—Ä—Å—Ç–≤–æ, —Å–æ—Ç—Ä—É–¥–Ω–∏—á–µ—Å—Ç–≤–æ: @jpalumae\\n\\n–í–∑–∞–∏–º–Ω—ã–π PR, —ç–∫—Å–ø–µ—Ä—Ç–Ω–æ–µ —Ä–∞–∑–º–µ—â–µ–Ω–∏–µ: @almaz_olga",0,0,https://cdn4.cdn-telegram.org/file/NHYax3mr-So37YuXiuo45NIpVfHrmNqOJPf_-D5eLHJqe2EjWNh762fDCGSFGalr7GGlEjhslGWbWUqu0l5qAHhxBL2g76l0LpbYrqyYkaneYs7n9v5uuAw8Bk8LaTNJskPSroICKP_ondsPE4FHE1VnH55b0upL_zB4qRmvto309hz6NEgxEszw8lgMJodF6BKhDfO8WwswxhKCxCVVm-Gi9ofRldi-K9SNda1xl1sGD5iIjc4isbO-1akzuhB2Yxfl_S_OcCXdbFha7IgiXMVaFuEdpWQv817GFPm2z9kWTqwOaaU-t8OQtiXNSXQpREpDKjoXW5x6ePoFS9nW6w.jpg,2.7K,577,110,4,402
17,67d07aed7bf14add979bf481ce1a9129,tg,https://t.me/camilla_business,–ö–∞–º–∏–ª–ª–∞ –ø—Ä–æ –±–∏–∑–Ω–µ—Å –∏ –º–∞—Ä–∫–µ—Ç–∏–Ω–≥,"–ü—Ä–µ–¥–ø—Ä–∏–Ω–∏–º–∞—Ç–µ–ª—å –∏ –º–∞—Ä–∫–µ—Ç–æ–ª–æ–≥, 10 –ª–µ—Ç –æ–ø—ã—Ç–∞. –†–∞—Å—Å–∫–∞–∑—ã–≤–∞—é, –∫–∞–∫ –±—ã—Ç—å –±–æ–≥–∞—Ç—ã–º –Ω–µ –±—ã—Å—Ç—Ä–æ, –∞ –Ω–∞–≤—Å–µ–≥–¥–∞, –≤—ã—Å—Ç—Ä–æ–∏—Ç—å —Å–∏—Å—Ç–µ–º–Ω—ã–π –±–∏–∑–Ω–µ—Å –∏ –º–∞—Ä–∫–µ—Ç–∏–Ω–≥ –∏ –ø—Ä–∏–≤–ª–µ–∫–∞—Ç—å –∫–ª–∏–µ–Ω—Ç–æ–≤ –∏–∑ –¢–µ–ª–µ–≥—Ä–∞–º–∞.\\n\\n–ù–∞–ø–∏—Å–∞—Ç—å –Ω–∞–º: @camilla_team\\n\\n–ö—É—Ä—Å –ø–æ –¢–µ–ª–µ–≥—Ä–∞–º—É: https://clck.ru/3AYQCH",0,0,https://cdn4.cdn-telegram.org/file/H0F3noevh4GYpQmi_uWkU7U7aPMdNPPNcMc2HCmPEzK8kGLqsx4EcykPeotVq1HvUwsRDxq6J39_OeYfeF8HazJMDDaIezeMpn8eaV3ZJUz3ejtWnyDW4JWMJ4C_2DzbTAkW2Hnz4eVkeS0m7whfngOMxBQwTFP7Dkm5BwPrA6LhLJ_qTKRveu5baYgLgyQxXYFXNTqY9fMDT63vs_aHuBi8FBZCxVGByYNqt-HH82dpTeR5yicE9qLA99D_Sx2208jJrJwKt-PrWdL8IngfFNLKUR_tVPnGtFGkghC4-jR4uKWfuw1EHF8PN_ARWvBZ_UcFSdHj4Fd4Vtj2nZoLSg.jpg,22.1K,1.15K,325,5,756
18,e0a8f0afcd7e4317a50ea5c0eb2caa78,tg,https://t.me/inclient,–ë–µ–≥–∏–Ω,"–ö–æ–Ω—Ç–µ–Ω—Ç-–º–∞—Ä–∫–µ—Ç–∏–Ω–≥, –Ω–µ–π—Ä–æ—Å–µ—Ç–∏ –∏ –∂–∏—Ç–∏–µ-–±—ã—Ç–∏–µ. –ê–≤—Ç–æ—Ä: –ê–ª–µ–∫—Å–µ–π –ë–µ–≥–∏–Ω (@begin17)",0,0,https://cdn4.cdn-telegram.org/file/LDn3ZRoLjaEUzn1w9uPqq6gOi4Wrq40313O9lGUk5Tsc3mC36h5YkmjHiD9yDtFIjY9Q4pwE_Sfth2QBpoZ9Obv9xZqJe1fxKS4qJ8-SGI7OzwHHn3rZ388l2D_dQHpAAHnfl0vQWcqyN97OnX-hEIVoN2jZxCF7ZfY2_UvEQ5vZ6gdZPWMRQv4e2KvXPnjOLxiv2tbSOGtwoqUrouJg0vYd0P-fECHTN_kFqVVQBA79E7BqFOTJ9oBBBemY_avJzq1RVinClLmjZNwjFQjVtTPRwjnWb7D_GVMKgGubkfDixKI3B867XSzIgr7wVWhirjTtSWQvPlEhVewjEojM_g.jpg,9.49K,578,23,27,549
19,80f45ce129894295bc784236681967f1,tg,https://t.me/marketlead_me,–í–µ—Ä–æ–Ω–∏–∫–∞ –∏ GPT-–º–∞—Ä–∫–µ—Ç–æ–ª–æ–≥–∏,"üè¥\u200d‚ò†Ô∏è –ü–∏—à—É –∫–∞–∫ —Å–¥–µ–ª–∞—Ç—å –∫–∞—Ä—å–µ—Ä—É –≤ –º–∞—Ä–∫–µ—Ç–∏–Ω–≥–µ. –ò —É—Å–ø–µ–≤–∞—Ç—å –±–æ–ª—å—à–µ —Å GPT. –î–µ–ª–∞—é Marketlead.me, –≥–¥–µ –º—ã –ø–æ–¥–æ–±—Ä–∞–ª–∏ —É–∂–µ 100 –º–∞—Ä–∫–µ—Ç–æ–ª–æ–≥–æ–≤ –≤ —à—Ç–∞—Ç.\\n\\n–ö–æ –º–Ω–µ: @supernilson\\n–í–∞–∫–∞–Ω—Å–∏–∏ Marketlead: https://spb.hh.ru/employer/10718562",0,0,https://cdn4.cdn-telegram.org/file/i_GreLjnOHeHOWrLYw-HDnASLPbrteh2pT6Ie3wckRhI8O1JARVmui2OMpiPAaWnV7yNIfEu8V9gdFSTqakl8wDNi_J4V6fLAyDalKH_ipbkeL6gvXVJWBeiwzWcvw7ZSPecYzpZRlLpaJgNzfxAnGQTHN5nctr2cjklFHq92n6g1yMFyh2eUcRkJtfCJ3YoCauG-xdFyEidrqprkYEazA-aoelEQVbj1NS9_4zFwXlF1ZI41Ig5ID53oPQ_PDQAQlI2HX6SxCY-TYFEeo9rB2uw_81qY06BoZD4YpwMYTb0D-NJ_15BWDMICjWzUZAVzpLkjTJRHVY5_5zJtpRx_w.jpg,6.47K,255,34,1,147
20,4defa3a787a24bb79fef07a9ed182fef,tg,https://t.me/gusarovby,–ì—É—Å–∞—Ä–æ–≤ –º–∞—Ä–∫–µ—Ç–∏–Ω–≥ ‚òÑÔ∏è,"14,5 –ª–µ—Ç –æ–ø—ã—Ç–∞ –≤ –∏–Ω—Ç–µ—Ä–Ω–µ—Ç-–º–∞—Ä–∫–µ—Ç–∏–Ω–≥–µ. –í–ª–∞–¥–µ–ª–µ—Ü –∞–≥–µ–Ω—Ç—Å—Ç–≤–∞ GUSAROV\\n\\n–ü–æ –ø–æ–≤–æ–¥—É —Ä–µ–∫–ª–∞–º—ã –∏ —Å–æ—Ç—Ä—É–¥–Ω–∏—á–µ—Å—Ç–≤–∞ –ø–∏—Å–∞—Ç—å @gusarov4\\n\\n–£—á—É edugusarov.by\\n\\n–ü—Ä–æ–¥–≤–∏–≥–∞—é gusarov.by\\n\\n–ß–∞—Ç 3500 —É—á–∞—Å—Ç–Ω–∏–∫–æ–≤ https://t.me/+Y2VSUMIxAKUwYTdi",0,0,https://cdn4.cdn-telegram.org/file/ud7JYkHYjRSE8GQ3GobUPI0x2mI6a_dzyL5GJQDdGvVEkASePJupUTIX84rJA7FG69LuOezTLvA8IeGbFlm065yW3TrWGS5HXtvJ8zDaOqumQUAgtKztIlhs_IDMs-mDMwyCJDSYBibk9fBabN42sXtOCcXYgc7Wv-mdphCV3qJLk7zzZXfZigqIsNRdPOqb3UatH7mUERWFkMLzd1zYYFcMB-8oHaJ8oZXz1qy7UuFDcRYPlKq81aoyTv76oDtAUea7Bllz6DethPtuKPF5GvulRuRxkq1zxM7kZ6vTQJg5C_YA58GHFfVBQP1bc5uTsgDuCUK29wFBGa4V2VNJ2w.jpg,23.3K,1.36K,177,39,1.76K
